D_smiles,D_Fr,A_smiles,A_Cs,D_HOMO,D_LUMO,A_HOMO,A_LUMO
C1=Cc2ccccc2C1,[Fr]C(C=C1)c2c1cccc2,ClC1=CC=C2SC=NC2=C1,ClC1=CC=C2SC([Cs])=NC2=C1,-5.772353433,-0.500417572,-6.602301011,-1.337167999
c1cc2ccccc2[nH]1,[Fr]n1ccc2c1cccc2,c1cnccn1,[Cs]c1nccnc1,-5.417788944,-0.091702405,-6.825434459,-1.430230974
c1cc2ccccc2o1,[Fr]c1c(cccc2)c2oc1,c1cncnc1,[Cs]c1cncnc1,-5.984058094,-0.466131213,-6.929654105,-1.169817914
c1cc2cnccc2[nH]1,[Fr]n1ccc2c1ccnc2,c1cscn1,[Cs]c1nccs1,-5.791945639,-0.428579487,-6.872782288,-0.760830632
c1nc2ccccc2[nH]1,[Fr]n1cnc2c1cccc2,O=Cc1ccccc1,O=Cc1cccc([Cs])c1,-6.07929798,-0.365993276,-6.944348259,-1.72683519
c1nc2ccccc2o1,[Fr]C1=NC2=C(O1)C=CC=C2,c1cc2cnccc2[nH]1,[Cs]c1c(cncc2)c2[nH]c1,-6.575633843,-0.7874978,-5.791945639,-0.428579487
c1ccc2[nH]nnc2c1,[Fr]n1nnc2ccccc12,c1nc2ccccc2o1,[Cs]c1cc2ocnc2cc1,-6.599307758,-1.212267692,-6.575633843,-0.7874978
c1ccc2cnccc2c1,[Fr]c1c2ccccc2cnc1,c1ccc2[nH]nnc2c1,[Cs]c1cc([nH]nn2)c2cc1,-6.225967405,-1.402747464,-6.599307758,-1.212267692
c1ccc2ncccc2c1,[Fr]c1cccc2c1cccn2,CC(=O)c1ccccc1,CC(c1ccc([Cs])cc1)=O,-6.302159314,-1.39975421,-6.725840749,-1.481116284
c1cnc2ncccc2c1,[Fr]c1c2cccnc2ncc1,N#Cc1ccccc1C#N,N#Cc1c(C#N)ccc([Cs])c1,-6.729650345,-1.791598313,-7.776744863,-2.366302996
CC1C=Cc2ccccc21,CC1C=Cc2c1cc([Fr])cc2,N#Cc1cccc(C#N)c1,N#Cc1cc(C#N)cc([Cs])c1,-5.755482368,-0.527084741,-7.837426276,-2.247389196
c1cnc2cnncc2c1,[Fr]c1ccnc2c1cnnc2,c1ccc2ccccc2c1,[Cs]c1cccc2ccccc12,-6.536177319,-2.238409435,-5.802285969,-0.980426598
Cn1ccc2ccccc21,Cn(cc1[Fr])c2c1cccc2,c1ccc2cnccc2c1,[Cs]c1cccc2c1ccnc2,-5.307310676,-0.062041983,-6.225967405,-1.402747464
c1cc2ccccc2s1,[Fr]c1c(cccc2)c2sc1,c1ccc2ncccc2c1,[Cs]c1c2ccccc2ncc1,-5.894532602,-0.663141721,-6.302159314,-1.39975421
c1nc2ccccc2s1,[Fr]c1ccc2scnc2c1,c1cnc2ncccc2c1,[Cs]c1c2cccnc2ncc1,-6.469781513,-1.017978324,-6.729650345,-1.791598313
O=c1cc[nH]c2ccccc12,O=c(ccn1[Fr])c2c1cccc2,c1cnc2cnccc2c1,[Cs]c1ccnc2c1ccnc2,-5.812898414,-1.109952843,-6.72448018,-1.840578825
c1ccc(-c2ccccn2)nc1,[Fr]c1ccnc(c2ncccc2)c1,c1cnc2cccnc2c1,[Cs]c1ccnc2c1nccc2,-6.364201296,-1.336895885,-6.664615108,-1.78180221
c1cc2cc3ccoc3cc2[nH]1,[Fr]n1ccc(c2)c1cc3c2cco3,c1ccc2ncncc2c1,[Cs]c1cc(ncnc2)c2cc1,-5.135606767,-0.414429561,-6.742983929,-1.828877925
c1cc2cc3occc3cc2o1,[Fr]c1c2occc2cc3c1cco3,c1ccc2nccnc2c1,[Cs]c1cc(nccn2)c2cc1,-5.548947872,-0.81770245,-6.706520658,-1.939084079
c1nc2cc3nc[nH]c3cc2[nH]1,[Fr]n1cnc(c2)c1cc3c2nc[nH]3,c1cnc2ccncc2c1,[Cs]c1ccnc2c1cncc2,-5.561465114,-0.578786393,-6.740534903,-1.828877925
c1cc2nc3ccoc3nc2[nH]1,[Fr]n1ccc(n2)c1nc3c2cco3,c1cc2nccnc2cn1,[Cs]c1c(nccn2)c2cnc1,-6.040657798,-1.476490347,-6.982444214,-2.385623087
c1nc2nc3nc[nH]c3cc2[nH]1,[Fr]c1c2[nH]cnc2nc3c1[nH]cn3,c1cnc2cnncc2c1,[Cs]c1ccnc2c1cnnc2,-6.038208772,-1.100700968,-6.536177319,-2.238409435
c1nc2cc3ocnc3cc2o1,[Fr]c1c2ocnc2cc3c1nco3,Cn1cnc2ccccc21,Cn(cn1)c2c1ccc([Cs])c2,-6.462978664,-1.338256455,-5.967187029,-0.316468535
c1cc2nc3ccoc3nc2o1,[Fr]c1oc2nc(occ3)c3nc2c1,c1cc2ccccc2s1,[Cs]c1ccc2sccc2c1,-6.443386459,-1.811734746,-5.894532602,-0.663141721
c1nc2nc3nc[nH]c3nc2[nH]1,[Fr]n1c2nc3[nH]cnc3nc2nc1,c1nc2ccccc2s1,[Cs]c1cc2scnc2cc1,-6.324472658,-1.677038335,-6.469781513,-1.017978324
c1ccc2c(c1)Cc1ccccc1-2,[Fr]C1c2ccccc2c3c1cccc3,O=c1cc[nH]c2ccccc12,O=c(cc[nH]1)c2c1cc([Cs])cc2,-5.762557331,-0.732258666,-5.812898414,-1.110224957
c1ccc2c(c1)[nH]c1ccccc12 ,[Fr]n1c(cccc2)c2c3c1cccc3,FC(F)(F)c1ccccc1,FC(F)(c1ccc([Cs])cc1)F,-5.458878152,-0.663958062,-7.242857273,-0.741238427
c1ccc2c(c1)oc1ccccc12,[Fr]c1cc2c(cccc3)c3oc2cc1,O=C1NC(=O)c2ccccc21,O=C1NC(c2c1cc([Cs])cc2)=O,-6.018888681,-0.93797682,-7.302994458,-2.271879452
c1ccc2c(c1)[nH]c1ncccc21,[Fr]c1cc2[nH]c(nccc3)c3c2cc1,Fc1cc(F)c(F)cc1F,Fc1c(F)cc(F)c(F)c1[Cs],-5.784326448,-1.039747441,-6.782712567,-0.837838883
c1ccc2c(c1)[nH]c1cnccc12,[Fr]c1cc2[nH]c(cncc3)c3c2cc1,N#Cc1cccc(C#N)c1C#N,N#Cc1c(C#N)c(C#N)cc([Cs])c1,-5.746230493,-1.103149994,-8.304645945,-2.964137366
c1ccc2c(c1)[nH]c1ccncc12,[Fr]c1cc2[nH]c(ccnc3)c3c2cc1,N#Cc1cc(C#N)cc(C#N)c1,N#Cc1cc(C#N)cc(C#N)c1,-5.892083576,-0.904778917,-8.430906823,-2.836515919
c1ccc2c(c1)oc1ncccc21,[Fr]c1cc2oc(nccc3)c3c2cc1,c1ccc(-c2ccncc2)cc1,[Cs]c1ccc(c2ccncc2)cc1,-6.290186299,-1.336079544,-6.583525148,-1.197573538
c1cc2[nH]c3ccncc3c2cn1,[Fr]n1c(ccnc2)c2c3cnccc13,c1ccc(-c2cccnc2)cc1,[Cs]c1ccc(c2cnccc2)cc1,-6.375630083,-1.156756444,-6.336173559,-0.994576524
c1ccc(Nc2ccccc2)cc1,[Fr]N(c1ccccc1)c2ccccc2,c1ccc(-c2ccccn2)cc1,[Cs]c1ccc(c2ncccc2)cc1,-5.099687724,-0.141499259,-6.129366949,-1.143967088
c1cnc2oc3ncccc3c2c1,[Fr]c1cc2c3cccnc3oc2nc1,c1ccc(-c2cnccn2)cc1,[Cs]c1ccc(c2nccnc2)cc1,-6.5884232,-1.682752729,-6.408827986,-1.598397401
CN(C)c1ccc2ccccc2c1,CN(c(cc1)cc2c1c([Fr])ccc2)C,c1ccc(-c2ncccn2)cc1,[Cs]c1ccc(c2ncccn2)cc1,-4.841995804,-0.638651464,-6.385154071,-1.375808182
CN(C)c1cccc2ccccc21,CN(c(ccc1)c2c1c([Fr])ccc2)C,c1ccc(-c2ccccn2)nc1,[Cs]c1cc(c2ncccc2)ncc1,-5.258058049,-0.834029287,-6.364201296,-1.336895885
c1cc2c3c(c1)CCCN3CCC2,[Fr]C1c2cccc3c2N(CCC3)CC1,O=C1C=CC(=O)c2ccccc21,O=C1C=CC(c2c1ccc([Cs])c2)=O,-4.633012283,0.440824615,-7.175645125,-3.177474711
c1ccc2c(c1)cnc1ccccc12,[Fr]c1cc2cnc(cccc3)c3c2cc1,c1cc2cc3occc3cc2o1,[Cs]c1c2occc2cc3c1cco3,-6.192497388,-1.411182997,-5.548947872,-0.81770245
c1cnc2c(c1)ccc1cccnc12,[Fr]c1c(cccn2)c2c(nccc3)c3c1,c1nc2cc3nc[nH]c3cc2[nH]1,[Cs]c1c(nc[nH]2)c2cc3[nH]cnc13,-6.258348966,-1.426693492,-5.561465114,-0.578786393
CC1c2ccccc2-c2ccccc21,CC1c2c(c3c1ccc([Fr])c3)cccc2,c1cc2nc3ccoc3nc2[nH]1,[Cs]n1ccc(n2)c1nc3c2cco3,-5.751944886,-0.741510541,-6.040657798,-1.476490347
Cn1c2ccccc2c2ccccc21,Cn(c1c2cccc1)c3c2cc([Fr])cc3,c1nc2nc3nc[nH]c3cc2[nH]1,[Cs]c1c2[nH]cnc2nc3c1[nH]cn3,-5.323637513,-0.638651464,-6.038208772,-1.100700968
Cc1cccc2c3ccccc3[nH]c21,Cc(ccc1)c2c1c(ccc([Fr])c3)c3[nH]2,c1nc2cc3ocnc3cc2o1,[Cs]c1c(ocn2)c2cc3ocnc13,-5.34812777,-0.624501538,-6.462978664,-1.338256455
c1ccc2c(c1)-c1cnccc1[SiH2:2]2,[Fr]c1cc(c2c([SiH2]3)ccnc2)c3cc1,c1nc2cc3ncoc3cc2o1,[Cs]c1c(nco2)c2cc3ocnc13,-6.245287496,-1.460707737,-6.598219302,-1.213084034
c1ccc2c(c1)-c1ncccc1[SiH2:2]2,[Fr]c1cc(c2c([SiH2]3)cccn2)c3cc1,c1nc2nc3nc[nH]c3nc2[nH]1,[Cs]n1c2nc3[nH]cnc3nc2nc1,-6.181612829,-1.279207726,-6.324472658,-1.677038335
c1ccc2c(c1)-c1cccnc1[SiH2:2]2,[Fr]c1cc(c2c([SiH2]3)nccc2)c3cc1,c1nc2cc3ocnc3nc2o1,[Cs]c1c(ocn2)c2nc3ocnc13,-6.193585844,-1.313221971,-6.84475455,-1.85255184
c1ccc2c(c1)-c1ccncc1[SiH2:2]2,[Fr]c1cc(c2c([SiH2]3)cncc2)c3cc1,c1nc2nc3ncoc3cc2o1,[Cs]c1c2ocnc2nc3c1ocn3,-6.494815997,-1.532001595,-6.880945707,-1.77908107
c1ccc2c(c1)sc1ccccc12,[Fr]c1cc2c(cccc3)c3sc2cc1,c1nc2cc3ncoc3nc2o1,[Cs]c(n1)oc2c1cc(nco3)c3n2,-5.829225251,-0.96409976,-6.92720508,-1.736087065
c1cnc2c(c1)-c1cccnc1[SiH2:2]2,[Fr]c1cnc2c(c3cccnc3[SiH2]2)c1,c1nc2nc3ocnc3nc2o1,[Cs]c(n1)oc2c1nc(ocn3)c3n2,-6.439848977,-1.514314187,-7.191427735,-2.480862973
c1cnc2c(c1)[SiH2:2]c1cccnc1-2,[Fr]c1cnc(c2c([SiH2]3)cccn2)c3c1,c1nc2nc3ncoc3nc2o1,[Cs]c1nc2nc3ncoc3nc2o1,-6.464339234,-1.476762461,-7.23714288,-2.407936432
c1cc2c(cn1)-c1cnccc1[SiH2:2]2,[Fr]c1c2c(c3cnccc3[SiH2]2)cnc1,c1ccc2c(c1)Cc1ccccc1-2,[Cs]C1c2ccccc2c3c1cccc3,-6.544612852,-1.795680022,-5.762557331,-0.732258666
c1ccc2c(c1)sc1ncccc21,[Fr]c(ccc1s2)cc1c3c2nccc3,c1ccc2c(c1)[nH]c1ccccc12,[Cs]c(ccc1[nH]2)cc1c3c2cccc3,-6.09780173,-1.323018074,-5.458878152,-0.663958062
c1cnc2sc3ncccc3c2c1,[Fr]c1cc2c3cccnc3sc2nc1,Fc1cc(F)c(F)c(F)c1F,Fc1c(F)c(F)c(F)c(F)c1[Cs],-6.437672066,-1.626697253,-7.060268806,-0.823961071
c1nc2cc3scnc3cc2s1,[Fr]c1c(scn2)c2cc3scnc13,c1ccc2c(c1)[nH]c1ccncc12,[Cs]c(ccc1[nH]2)cc1c3c2ccnc3,-6.26134222,-1.569281207,-5.892083576,-0.904778917
c1nc2cc3ncsc3cc2s1,[Fr]c1c2scnc2cc3c1scn3,c1ccc2c(c1)[nH]c1cnccc12,[Cs]c(ccc1[nH]2)cc1c3c2cncc3,-6.273315234,-1.337167999,-5.746230493,-1.103149994
c1nc2ccccc2n1-c1ccccc1,[Fr]c1ccc(n2cnc3c2cccc3)cc1,c1ccc2c(c1)[nH]c1ncccc21,[Cs]c(ccc1[nH]2)cc1c3c2nccc3,-5.959295724,-0.692802142,-5.784326448,-1.039747441
CC1(C)c2ccccc2-c2ccccc21,CC1(c2c(c3c1ccc([Fr])c3)cccc2)C,c1cnc2oc3ncccc3c2c1,[Cs]c1cc2c3cccnc3oc2nc1,-5.740243986,-0.759197948,-6.5884232,-1.682752729
O=c1c2ccccc2[nH]c2ccccc21,O=c(c(cccc1)c1n2[Fr])c3c2cccc3,O=C(c1ccccc1)C(F)(F)F,O=C(C(F)(F)F)c1ccc([Cs])cc1,-5.63194263,-1.519212239,-7.415377524,-2.250110335
c1ccc2c(c1)CCc1ccccc1N2,[Fr]N(c1c(CC2)cccc1)c3c2cccc3,c1ccc2cc3ccccc3cc2c1,[Cs]c1cccc2cc3ccccc3cc12,-4.956827895,-0.081634188,-5.239282186,-1.64846637
Cc1cccc2c3cccc(C)c3[nH]c21,Cc(ccc1)c2c1c(cc([Fr])cc3C)c3[nH]2,c1ccc2c(c1)cnc1ccccc12,[Cs]c1cc2c(cccc3)c3cnc2cc1,-5.24989463,-0.586405584,-6.192497388,-1.411182997
C[SiH]1c2ccccc2-c2ccccc21,C[SiH]1c2c(c3c1ccc([Fr])c3)cccc2,c1cnc2c(c1)ccc1cccnc12,[Cs]c1cc2ccc(cccn3)c3c2nc1,-5.859974129,-1.029407111,-6.258348966,-1.426693492
c1ccc2c(c1)[CH2:2]c1ccccc1[SiH2:2]2,[Fr]C1c2ccccc2[SiH2]c3c1cccc3,CC1c2ccccc2-c2ccccc21,CC1c2c(c3c1cccc3)cc([Cs])cc2,-6.560395462,-0.618515031,-5.751944886,-0.741510541
c1ccc2c(c1)[CH2:2]c1cccnc1[SiH2:2]2,[Fr]c1cccc2c1Cc3c([SiH2]2)nccc3,c1ccc2c(c1)-c1ncccc1[SiH2:2]2,[Cs]c1cc(c2c([SiH2]3)cccn2)c3cc1,-6.534000408,-0.930357629,-6.181612829,-1.279207726
c1ccc2c(c1)[CH2:2]c1ncccc1[SiH2:2]2,[Fr]c1cccc2c1Cc3c([SiH2]2)cccn3, c1ccc2c(c1)-c1cnccc1[SiH2:2]2,[Cs]c1cc(c2c([SiH2]3)ccnc2)c3cc1,-6.547333992,-0.888724193,-6.245287496,-1.460707737
c1cnc2c(c1)[CH2:2]c1cccnc1[SiH2:2]2,[Fr]c1ccnc2c1Cc3cccnc3[SiH2]2,c1ccc2c(c1)-c1cccnc1[SiH2:2]2,[Cs]c1cc(c2c([SiH2]3)nccc2)c3cc1,-6.570463678,-1.141245948,-6.193585844,-1.313221971
c1ccc2c(c1)[nH]c1[nH]c3ccccc3c12,[Fr]n1c(cccc2)c2c3c(cccc4)c4[nH]c13,c1ccc2c(c1)sc1ccccc12,[Cs]c1cc2c(cccc3)c3sc2cc1,-4.83274393,0.066940034,-5.829225251,-0.96409976
Cn1c2ccccc2c(=O)c2ccccc21,Cn(c(cccc1)c1c2=O)c3c2ccc([Fr])c3,c1cnc2c(c1)[SiH2:2]c1cccnc1-2,[Cs]c1cnc(c2c([SiH2]3)cccn2)c3c1,-5.577519838,-1.520300695,-6.464339234,-1.476762461
c1ccc2c(c1)[SiH2]c1ncccc1[SiH2:2]2,[Fr]c1cc2c([SiH2]c3c([SiH2]2)cccn3)cc1,c1cnc2c(c1)-c1cccnc1[SiH2:2]2,[Cs]c1cnc2c(c3cccnc3[SiH2]2)c1,-6.66951316,-1.005461082,-6.439848977,-1.514314187
c1ccc2c(c1)[SiH2]c1cnccc1[SiH2:2]2,[Fr]c1cc2c([SiH2]c3c([SiH2]2)ccnc3)cc1,c1cc2c(cn1)[SiH2:2]c1cnccc1-2,[Cs]c1c(c2c([SiH2]3)cncc2)c3cnc1,-6.774549148,-1.257438609,-7.045030424,-1.956771486
c1cnc2c(c1)[SiH2:2]c1cccnc1[SiH2]2,[Fr]c1cnc2c([SiH2]c3cccnc3[SiH2]2)c1,c1ccc2c(c1)sc1ncccc21,[Cs]c(ccc1s2)cc1c3c2nccc3,-6.66951316,-1.23893486,-6.09780173,-1.323018074
O=S1(=O)c2ccccc2-c2ccccc21,O=S1(c2c(c3c1ccc([Fr])c3)cccc2)=O,c1cnc2sc3ncccc3c2c1,[Cs]c1cc2c3cccnc3sc2nc1,-6.67305064,-1.82397987,-6.437672066,-1.626697253
c1nc2c([nH]1)c1ccccc1c1ccccc21,[Fr]n1cnc(c1c2c3cccc2)c4c3cccc4,c1nc2cc3scnc3cc2s1,[Cs]c1c2scnc2cc3c1ncs3,-5.454796442,-0.852533037,-6.26134222,-1.569281207
c1ccc2c(c1)c1ccccc1c1nccnc21,[Fr]c1ccc2c(c1)c3nccnc3c4c2cccc4,O=C1C(C=CC=C2)=C2C3=C1C=CC=C3,O=C1C(C=CC=C2)=C2C3=C1C=C([Cs])C=C3,-6.155217775,-1.737719749,-6.24120579,-2.24684497
Cn1c2ccccc2c2cc3ccccc3cc21,Cn(c1c2ccc([Fr])c1)c3c2cc(cccc4)c4c3,O=S1(C(C=CC=C2)=C2C3=C1C=CC=C3)=O,O=S1(C(C=CC=C2)=C2C3=C1C=C([Cs])C=C3)=O,-5.016692967,-1.178253447,-6.67305064,-1.82397987
c1ccc(-n2c3ccccc3c3ccccc32)cc1,[Fr]c1ccc(n(c2c3cccc2)c4c3cccc4)cc1,N#CCC#N,N#CC([Cs])C#N,-5.340506905,-0.66994436,-8.471996031,-9.502763711
c1ccc(-c2cc3c4c(c2)CCCN4CCC3)cc1,[Fr]c1ccc(c2cc(CCCN3CCC4)c3c4c2)cc1,O=CC1=CC=CC=C1,O=C([Cs])C1=CC=CC=C1,-4.600902836,-0.185853835,-6.944348259,-1.72683519
c1ccc2c(c1)[nH]c1ccc3[nH]c4ccccc4c3c12,[Fr]n1c(cccc2)c2c3c4c(cccc5)c5[nH]c4ccc13,C12=NC=CN=C1C=CC=C2,[Cs]C1=CN=C(C=CC=C2)C2=N1,-4.949752932,-0.949133492,-6.706520658,-1.939084079
c1ccc2c(c1)[nH]c1c2ccc2c3ccccc3[nH]c21,[Fr]n(c1ccccc1c2cc3)c2c4c3c(cccc5)c5[nH]4,O=CC1=CC=CC=C1,O=C([Cs])C1=CC=CC=C1,-5.11655879,-0.806817891,-6.944348259,-1.72683519
c1ccc2c(c1)[nH]c1c2ccc2[nH]c3ccccc3c21,[Fr]c1cc([nH]c2c3cccc2)c3c4c1c(cccc5)c5[nH]4,C12=CC=CC=C1SC=N2,[Cs]C1=NC2=CC=CC=C2S1,-5.123361639,-0.700421333,-6.470597855,-1.017434096
c1ccc(P(c2ccccc2)c2ccccc2)cc1,[Fr]c1ccc(P(c2ccccc2)c3ccccc3)cc1,C1(N=CO2)=C2C=CC=C1,[Cs]C1=NC2=C(C=CC=C2)O1,-5.765278471,-0.529261652,-6.575633843,-0.7874978
CCCCN1C2=CC=CC=C2SC3=C1C=CC=C3,CCCCN1C2=CC=CC=C2SC3=C1C=CC([Fr])=C3,BrC1=CC=CC=N1,BrC1=CC=CC([Cs])=N1,-4.84444483,-0.40817094,-6.934280043,-1.043012809
C1(N(C2=CC=CC=C2)C3=CC=CC=C3)=CC=CC=C1,[Fr]C(C=C1)=CC=C1N(C2=CC=CC=C2)C3=CC=CC=C3,N#CC(C1=CC=CC=C1)=C,N#C/C(C1=CC=CC=C1)=C/[Cs],-4.956011553,-0.323543498,-6.673322755,-1.816360683
CC(C=C1)=CC=C1NC2=CC=CC=C2,CC(C=C1)=CC=C1N([Fr])C2=CC=CC=C2,N#CC(C1=CC=CC(F)=C1)=C,N#C/C(C1=CC=CC(F)=C1)=C/[Cs],-4.992746938,-0.0838111,-6.801760544,-1.988336706
C1(/C(C2=CC=CC=C2)=C(C3=CC=CC=C3)/C4=CC=CC=C4)=CC=CC=C1,[Fr]C(C=C1)=CC=C1/C(C2=CC=CC=C2)=C(C3=CC=CC=C3)\C4=CC=CC=C4,N#CC(C1=CC=CC(Cl)=C1)=C,N#C/C(C1=CC=CC(Cl)=C1)=C\[Cs],-5.328263451,-1.217982085,-6.865163097,-2.06833821
C1(NC2=CC=CC=C2)=CC=CC3=CC=CC=C13,[Fr]N(C1=CC=CC=C1)C2=CC=CC3=CC=CC=C23,N#CC(C1=CC=C(C=C1)F)=C,N#C/C(C1=CC=C(F)C=C1)=C/[Cs],-5.255609023,-1.049815658,-6.645295017,-1.881940147
BrC1=CC=C2C(SC3=CC=CC=C3N2CC)=C1,BrC1=CC=C2C(SC3=CC([Fr])=CC=C3N2CC)=C1,N#CC(C1=CC=C(C=C1)Cl)=C,N#C/C(C1=CC=C(Cl)C=C1)=C/[Cs],-5.052067781,-0.690897344,-6.728017661,-2.044392181
C12=CC=CC(C2=C34)=CC=C4C=CC=C3C=C1,[Fr]C1=CC=C2C=CC3=CC=CC4=CC=C1C2=C34,N#CC(C1=CC=CC(Br)=C1)=C,N#C/C(C1=CC=CC(Br)=C1)=C/[Cs],-5.336971097,-1.499892148,-6.785161593,-2.061263247
COC(C=C1)=CC=C1N(C2=CC=C(C=C2)OC)C3=CC=CC=C3,COC(C=C1)=CC=C1N(C2=CC=C(C=C2)OC)C3=CC=C([Fr])C=C3,N#CC(C1=CC=C(C=C1)Br)=C,N#C/C(C1=CC=C(Br)C=C1)=C\[Cs],-4.753558767,-0.276467783,-6.654819006,-2.047385435
C1(NC2=CC=CC=C2)=CC=CC=C1,[Fr]N(C1=CC=CC=C1)C2=CC=CC=C2,N#CC(C1=CC=NC=C1)=C,N#C/C(C1=CC=NC=C1)=C/[Cs],-5.099687724,-0.141499259,-7.274150379,-2.283036124
C12=CC3=CC=CC=C3C=C1C=CC=C2,[Fr]C1=C2C(C=CC=C2)=CC3=CC=CC=C13,CC1=NC2=CC=CC=C2N=C1,CC1=NC2=CC=CC=C2N=C1[Cs],-5.239282186,-1.64846637,-6.574817502,-1.759216751
COC1=CC(N(C2=CC=CC=C2)C3=CC=C(C=C3)OC)=CC=C1,COC1=CC(N(C2=CC=C(OC)C=C2)C3=CC=CC=C3)=CC=C1[Fr],BrC(C=C1)=CC=C1S(C2=CC=CC=C2)(=O)=O,BrC1=CC=C(S(C2=CC=C([Cs])C=C2)(=O)=O)C=C1,-4.753558767,-0.276467783,-7.020812282,-1.602751224
CC(C)(C)C(C=C1)=CC=C1N(C2=CC=C(C=C2)C(C)(C)C)C3=CC=CC=C3,CC(C)(C1=CC=C(N(C2=CC=C([Fr])C=C2)C3=CC=C(C(C)(C)C)C=C3)C=C1)C,O=S(C1=CC=CC=C1)(C2=CC=CC=C2)=O,O=S(C1=CC=CC=C1)(C2=CC=C([Cs])C=C2)=O,-4.806893103,-0.259596718,-7.120405991,-1.378529321
CC(C1=CC=C2C(C3=CC(C(C)(C)C)=CC=C3N2)=C1)(C)C,CC(C1=CC=C2C(C3=CC(C(C)(C)C)=CC=C3N2[Fr])=C1)(C)C,C12=NC=NN1C(C3=CC=CC=C3)=CC=N2,[Cs]C1=NC2=NC=NN2C(C3=CC=CC=C3)=C1,-5.229758197,-0.606542017,-6.579985604,-1.056618175
COC1=CC=CC(O)=C1,COC1=CC=C([Fr])C(O)=C1,C1(C2=CC=CC=C2)=NC3=NC=NN3C=C1,[Cs]C1=CC(C2=CC=CC=C2)=NC3=NC=NN31,-5.624308675,-0.274562265,-6.467602574,-1.056618175
FC(F)(C1=CC2=C(C=C1)SC3=C(C=CC=C3)N2)F,FC(F)(C1=CC2=C(C=C1)SC3=C(C=CC=C3)N2[Fr])F,N#CCC1=CC(C(F)(F)F)=CC(C(F)(F)F)=C1,N#CCC1=CC(C(F)(F)F)=C([Cs])C(C(F)(F)F)=C1,-5.30947365,-0.95239636,-7.873070737,-0.323543397
C1(N2N=CC=C2)=CC=CC=C1,[Fr]C(C=C1)=CC=C1N2N=CC=C2,O=C1C2=C(/C(C1)=C(C#N)/C#N)C=CC=C2,O=C1C2=C(C=CC=C2)/C(C1[Cs])=C(C#N)/C#N,-6.096438919,-0.61824269,-7.332652582,-1.427509387
CCCCCCC1=CC=CS1,CCCCCCC1=CC=C([Fr])S1,C12=CC=CC=C1N=C(C3=NC4=CC=CC=C4N=C3C5=NC6=CC=CC=C6N=C75)C7=N2,[Cs]C1=CC=C2C(N=C3C4=NC5=CC=CC=C5N=C4C6=NC7=CC=CC=C7N=C6C3=N2)=C1,-5.989772488,-0.088709151,-6.413179799,-0.323543397
CC(C)(C1=CC2=C3C4=C(C=C2)C=C(C(C)(C)C)C=C4C=CC3=C1)C,CC(C1=CC2=C3C4=C(C=C(C=C4C=CC3=C1)C(C)(C)C)C([Fr])=C2)(C)C,O=C(C1=CC=CC=C1)/N=C/N(C2=CC=CC=C2)C(C3=CC=CC=C3)=O,O=C(/N=C([Cs])/N(C(C1=CC=CC=C1)=O)C2=CC=CC=C2)C3=CC=CC=C3,-5.215336157,-1.397849413,-6.574815441,-0.323543397
C1(/C(C2=CC=CC=C2)=C(C3=CC=CC=C3)/C4=CC=CC=C4)=CC=CS1,[Fr]C(S1)=CC=C1/C(C2=CC=CC=C2)=C(C3=CC=CC=C3)/C4=CC=CC=C4,C12=CC=C3C=CC=C4C3=C1C(C5=C4N(C=N5)C6=CC=CC=C6)=CC=C2,[Cs]C1=NC2=C(N1C3=CC=CC=C3)C4=CC=CC5=CC=C6C(C2=CC=C6)=C45,-5.201988918,-1.381518948,-5.116273246,-1.296619616
C12=C(N(C3=CC=CC=C32)C4=CC=CC=C4)C=CC=C1,[Fr]C1=CC=C2N(C3=CC=CC=C3)C(C=CC=C4)=C4C2=C1,N#CC1=CC=C(N2C3=C4C=CC=CC4=C5C=CC=CC5=C3N=C2)C=C1,N#CC1=CC=C(C=C1)N2C3=C4C=CC=CC4=C5C=CC=CC5=C3N=C2[Cs],-5.340506905,-0.66994436,-5.679547664,-1.950235632
C(N=CN1C2=CC=CC=C2)(C3=CC=CC=C3)=C1C4=CC=CC=C4,[Fr]C1=NC(C2=CC=CC=C2)=C(C3=CC=CC=C3)N1C4=CC=CC=C4,FC(F)(F)C1=CC(C2=NN3C=CC=NC3=N2)=CC(C(F)(F)F)=C1,FC(F)(C1=CC(C2=NN3C([Cs])=CC=NC3=N2)=CC(C(F)(F)F)=C1)F,-5.394917209,-0.805999434,-7.021610192,-2.250376542
C1(CC2=CC=C(N3C4=CC=CC=C4C5=CC=CC=C35)C=C2)=CC=C(N6C7=CC=CC=C7C8=CC=CC=C68)C=C1,[Fr]C(C1=CC=C(C=C1)N2C3=CC=CC=C3C4=CC=CC=C24)C5=CC=C(C=C5)N6C7=CC=CC=C7C8=CC=CC=C68,FC(F)(F)C1=CC(C(F)(F)F)=CC(C2=CC=NC3=NC=NN23)=C1,FC(F)(C1=CC(C(F)(F)F)=CC(C2=CC=NC3=NC([Cs])=NN23)=C1)F,-5.343759919,-0.704501193,-7.076032841,-2.603579535
,,O=C(C1=NNN=C1C2=CC=CC=C2)C3=CC=C(C=C3)Br,O=C(C1=CC=C(Br)C=C1)C2=NN([Cs])N=C2C3=CC=CC=C3,,,-6.540513974,-2.010100546
,,N#C/C(C#N)=C(C1=CC=CC=C1)\C2=CC=CC=C2,N#C/C(C#N)=C(C1=CC=CC=C1)\C2=CC=C([Cs])C=C2,,,-6.736997422,-2.676512911
,,FC(F)(F)C1=CC(C(F)(F)F)=CC(C2=NC3=CC=CC=C3C=N2)=C1,FC(F)(C1=CC(C(F)(F)F)=CC(C2=NC3=CC=CC=C3C([Cs])=N2)=C1)F,,,-6.714411963,-2.278410187
,,[N+]1(C=CC=C2)=C2C(C=CC=C3)=C3[B-]1(C4=CC=CC=C4)C5=CC=CC=C5,[Cs]C1=C[N+]2=C(C3=C([B-]2(C4=CC=CC=C4)C5=CC=CC=C5)C=CC=C3)C=C1,,,-5.854803963,-1.875137298
,,N#CC(C=C1)=CC=C1C(N=C2C=CC=CC2=N3)=C3C4=CC=C(C=C4)C#N,N#CC1=CC=C(C2=C(C3=CC=C(C#N)C=C3)N=C4C=CC([Cs])=CC4=N2)C=C1,,,-6.765297274,-2.608756535
,,O=C1N(C(C2=CC=CC=C21)=O)C3CCCC4=C3C=CC=C4,O=C1N(C2CCCC3=C2C=CC=C3)C(C4=CC=C([Cs])C=C41)=O,,,-6.326377456,-2.174734768
,,O=C1O[B-](C2=CC=CC=C2)([N+]3=CC=CC=C31)C4=CC=CC=C4,O=C1O[B-]([N+]2=CC([Cs])=CC=C21)(C3=CC=CC=C3)C4=CC=CC=C4,,,-6.331547621,-2.507802255
,,CN1C2=CC=CC=C2C(C13C=CC4=CC=CC=C4O3)(C)C,CN1C2=CC=CC=C2C(C)(C)C13C=CC4=CC=C([Cs])C=C4O3,,,-5.206628511,-0.902329891
,,N#CC1=CC(C#N)=C(C2=CC=CC=C2)C=C1C3=CC=CC=C3,N#CC1=C([Cs])C(C#N)=C(C=C1C2=CC=CC=C2)C3=CC=CC=C3,,,-6.783801023,-2.270246768
,,CC1=CC=C(C2=C(C3=CC=C(C=C3)C#N)COC2=O)C=C1,CC1=CC=C(C=C1)C2=C(C([Cs])OC2=O)C3=CC=C(C#N)C=C3,,,-6.38758633,-2.465618119
,,O=C1OCC(C2=CC=C(C=C2)S(=O)(C)=O)=C1C3=CC=C(C=C3)OC,O=C1OC([Cs])C(C2=CC=C(S(=O)(C)=O)C=C2)=C1C3=CC=C(OC)C=C3,,,-6.028396845,-2.27785998
,,O=C(C1=NNN=C1C2=CC=CC=C2)C3=CC=CC=C3,O=C(C1=CC=CC=C1)C2=NN([Cs])N=C2C3=CC=CC=C3,,,-6.427586977,-1.776899494
,,O=C(C1=CC=C(F)C=C1)C2=NNN=C2C3=CC=CC=C3,O=C(C1=CC=C(F)C=C1)C2=NN([Cs])N=C2C3=CC=CC=C3,,,-6.495887401,-1.902615814
,,O=C(C1=NNN=C1C2=CC=CC=C2)C3=CC=C(C=C3)Br,O=C(C1=CC=C(Br)C=C1)C2=NN([Cs])N=C2C3=CC=CC=C3,,,-6.540513974,-2.010100546
,,N#CC1=CC=C(C2=NN3C=CC=NC3=N2)C=C1,N#CC1=CC=C(C=C1)C2=NN3C([Cs])=CC=NC3=N2,,,-6.788137027,-2.297724247
,,FC(F)(F)C1=CC=C(C2=CC=CC3=NSN=C23)C=C1,FC(F)(C1=CC=C(C=C1)C2=CC=C([Cs])C3=NSN=C23)F,,,-6.40773953,-2.604402711
,,N#C/C(C#N)=C/C1=CN(C2=CC=CC=C2)N=C1,N#C/C(C#N)=C/C1=CN(N=C1[Cs])C2=CC=CC=C2,,,-6.620532647,-2.717057891
,,ClC1=CC=C(C=C1)C2=CC=[O+][B-](F)(O2)F,ClC1=CC=C(C2=CC([Cs])=[O+][B-](O2)(F)F)C=C1,,,-7.179998949,-2.911619372
